{
  "metrics": {
    "accuracy": 0.3876651982378855,
    "precision": 0.3440443080742316,
    "recall": 0.3876651982378855,
    "f1_score": 0.3307771228444217
  },
  "confusion_matrix": [
    [
      0,
      9,
      0,
      3,
      2,
      1,
      1,
      0,
      0,
      0
    ],
    [
      1,
      10,
      0,
      0,
      0,
      2,
      10,
      0,
      1,
      0
    ],
    [
      0,
      2,
      3,
      0,
      2,
      3,
      1,
      0,
      1,
      1
    ],
    [
      0,
      3,
      0,
      2,
      0,
      3,
      1,
      0,
      1,
      0
    ],
    [
      0,
      1,
      0,
      0,
      22,
      3,
      1,
      0,
      2,
      1
    ],
    [
      0,
      3,
      0,
      1,
      6,
      11,
      1,
      0,
      2,
      0
    ],
    [
      0,
      0,
      0,
      0,
      0,
      0,
      20,
      0,
      0,
      0
    ],
    [
      0,
      0,
      1,
      0,
      15,
      2,
      7,
      0,
      3,
      2
    ],
    [
      1,
      3,
      0,
      1,
      6,
      2,
      4,
      0,
      11,
      2
    ],
    [
      1,
      0,
      0,
      0,
      7,
      3,
      3,
      0,
      7,
      9
    ]
  ],
  "class_names": [
    "Abrasions",
    "Bruises",
    "Burns",
    "Cut",
    "Diabetic Wounds",
    "Laseration",
    "Normal",
    "Pressure Wounds",
    "Surgical Wounds",
    "Venous Wounds"
  ],
  "y_true": [
    "0",
    "0",
    "0",
    "0",
    "0",
    "0",
    "0",
    "0",
    "0",
    "0",
    "0",
    "0",
    "0",
    "0",
    "0",
    "0",
    "4",
    "4",
    "4",
    "4",
    "4",
    "4",
    "4",
    "4",
    "4",
    "4",
    "4",
    "4",
    "4",
    "4",
    "4",
    "4",
    "4",
    "4",
    "4",
    "4",
    "4",
    "4",
    "4",
    "4",
    "4",
    "4",
    "4",
    "4",
    "4",
    "4",
    "8",
    "8",
    "8",
    "8",
    "8",
    "8",
    "8",
    "8",
    "8",
    "8",
    "8",
    "8",
    "8",
    "8",
    "8",
    "8",
    "8",
    "8",
    "8",
    "8",
    "8",
    "8",
    "8",
    "8",
    "8",
    "8",
    "8",
    "8",
    "8",
    "8",
    "1",
    "1",
    "1",
    "1",
    "1",
    "1",
    "1",
    "1",
    "1",
    "1",
    "1",
    "1",
    "1",
    "1",
    "1",
    "1",
    "1",
    "1",
    "1",
    "1",
    "1",
    "1",
    "1",
    "1",
    "3",
    "3",
    "3",
    "3",
    "3",
    "3",
    "3",
    "3",
    "3",
    "3",
    "9",
    "9",
    "9",
    "9",
    "9",
    "9",
    "9",
    "9",
    "9",
    "9",
    "9",
    "9",
    "9",
    "9",
    "9",
    "9",
    "9",
    "9",
    "9",
    "9",
    "9",
    "9",
    "9",
    "9",
    "9",
    "9",
    "9",
    "9",
    "9",
    "9",
    "6",
    "6",
    "6",
    "6",
    "6",
    "6",
    "6",
    "6",
    "6",
    "6",
    "6",
    "6",
    "6",
    "6",
    "6",
    "6",
    "6",
    "6",
    "6",
    "6",
    "7",
    "7",
    "7",
    "7",
    "7",
    "7",
    "7",
    "7",
    "7",
    "7",
    "7",
    "7",
    "7",
    "7",
    "7",
    "7",
    "7",
    "7",
    "7",
    "7",
    "7",
    "7",
    "7",
    "7",
    "7",
    "7",
    "7",
    "7",
    "7",
    "7",
    "5",
    "5",
    "5",
    "5",
    "5",
    "5",
    "5",
    "5",
    "5",
    "5",
    "5",
    "5",
    "5",
    "5",
    "5",
    "5",
    "5",
    "5",
    "5",
    "5",
    "5",
    "5",
    "5",
    "5",
    "2",
    "2",
    "2",
    "2",
    "2",
    "2",
    "2",
    "2",
    "2",
    "2",
    "2",
    "2",
    "2"
  ],
  "y_pred": [
    "3",
    "1",
    "5",
    "6",
    "1",
    "3",
    "1",
    "4",
    "3",
    "1",
    "4",
    "1",
    "1",
    "1",
    "1",
    "1",
    "4",
    "4",
    "6",
    "4",
    "8",
    "4",
    "5",
    "5",
    "4",
    "4",
    "4",
    "9",
    "4",
    "4",
    "4",
    "1",
    "4",
    "4",
    "4",
    "4",
    "4",
    "4",
    "8",
    "4",
    "4",
    "4",
    "4",
    "4",
    "4",
    "5",
    "1",
    "8",
    "3",
    "8",
    "4",
    "8",
    "5",
    "8",
    "8",
    "1",
    "9",
    "4",
    "8",
    "5",
    "4",
    "8",
    "8",
    "8",
    "0",
    "1",
    "8",
    "4",
    "4",
    "6",
    "6",
    "8",
    "9",
    "4",
    "6",
    "6",
    "6",
    "1",
    "6",
    "6",
    "1",
    "6",
    "0",
    "6",
    "6",
    "1",
    "5",
    "1",
    "6",
    "1",
    "1",
    "5",
    "8",
    "6",
    "6",
    "6",
    "1",
    "1",
    "1",
    "1",
    "1",
    "5",
    "6",
    "3",
    "1",
    "1",
    "5",
    "5",
    "3",
    "8",
    "0",
    "4",
    "8",
    "9",
    "4",
    "4",
    "4",
    "5",
    "5",
    "4",
    "5",
    "8",
    "9",
    "9",
    "9",
    "8",
    "4",
    "9",
    "9",
    "8",
    "6",
    "6",
    "9",
    "9",
    "8",
    "4",
    "9",
    "8",
    "6",
    "8",
    "6",
    "6",
    "6",
    "6",
    "6",
    "6",
    "6",
    "6",
    "6",
    "6",
    "6",
    "6",
    "6",
    "6",
    "6",
    "6",
    "6",
    "6",
    "6",
    "6",
    "9",
    "4",
    "4",
    "6",
    "6",
    "4",
    "8",
    "4",
    "6",
    "4",
    "6",
    "4",
    "4",
    "4",
    "9",
    "6",
    "5",
    "4",
    "4",
    "4",
    "4",
    "8",
    "4",
    "6",
    "4",
    "4",
    "6",
    "2",
    "5",
    "8",
    "5",
    "5",
    "5",
    "5",
    "5",
    "5",
    "4",
    "5",
    "6",
    "1",
    "1",
    "1",
    "5",
    "5",
    "8",
    "3",
    "4",
    "5",
    "5",
    "4",
    "4",
    "4",
    "8",
    "4",
    "4",
    "9",
    "5",
    "6",
    "8",
    "1",
    "2",
    "5",
    "2",
    "1",
    "4",
    "2",
    "5"
  ],
  "classification_report": {
    "Abrasions": {
      "precision": 0.0,
      "recall": 0.0,
      "f1-score": 0.0,
      "support": 16.0
    },
    "Bruises": {
      "precision": 0.3225806451612903,
      "recall": 0.4166666666666667,
      "f1-score": 0.36363636363636365,
      "support": 24.0
    },
    "Burns": {
      "precision": 0.75,
      "recall": 0.23076923076923078,
      "f1-score": 0.35294117647058826,
      "support": 13.0
    },
    "Cut": {
      "precision": 0.2857142857142857,
      "recall": 0.2,
      "f1-score": 0.23529411764705882,
      "support": 10.0
    },
    "Diabetic Wounds": {
      "precision": 0.36666666666666664,
      "recall": 0.7333333333333333,
      "f1-score": 0.4888888888888889,
      "support": 30.0
    },
    "Laseration": {
      "precision": 0.36666666666666664,
      "recall": 0.4583333333333333,
      "f1-score": 0.4074074074074074,
      "support": 24.0
    },
    "Normal": {
      "precision": 0.40816326530612246,
      "recall": 1.0,
      "f1-score": 0.5797101449275363,
      "support": 20.0
    },
    "Pressure Wounds": {
      "precision": 0.0,
      "recall": 0.0,
      "f1-score": 0.0,
      "support": 30.0
    },
    "Surgical Wounds": {
      "precision": 0.39285714285714285,
      "recall": 0.36666666666666664,
      "f1-score": 0.3793103448275862,
      "support": 30.0
    },
    "Venous Wounds": {
      "precision": 0.6,
      "recall": 0.3,
      "f1-score": 0.4,
      "support": 30.0
    },
    "accuracy": 0.3876651982378855,
    "macro avg": {
      "precision": 0.3492648672372175,
      "recall": 0.370576923076923,
      "f1-score": 0.320718844380543,
      "support": 227.0
    },
    "weighted avg": {
      "precision": 0.3440443080742316,
      "recall": 0.3876651982378855,
      "f1-score": 0.3307771228444217,
      "support": 227.0
    }
  }
}