{
  "metrics": {
    "accuracy": 0.36283185840707965,
    "precision": 0.37762671469866543,
    "recall": 0.36283185840707965,
    "f1_score": 0.32107707969964794
  },
  "confusion_matrix": [
    [
      3,
      1,
      0,
      2,
      0,
      1,
      1,
      0,
      0,
      0
    ],
    [
      2,
      1,
      0,
      0,
      0,
      2,
      7,
      0,
      0,
      0
    ],
    [
      0,
      1,
      0,
      0,
      1,
      1,
      1,
      0,
      1,
      1
    ],
    [
      0,
      1,
      1,
      1,
      0,
      1,
      1,
      0,
      0,
      0
    ],
    [
      0,
      0,
      0,
      0,
      11,
      1,
      1,
      0,
      1,
      1
    ],
    [
      2,
      0,
      2,
      1,
      1,
      5,
      1,
      0,
      0,
      0
    ],
    [
      0,
      0,
      0,
      0,
      0,
      0,
      10,
      0,
      0,
      0
    ],
    [
      0,
      0,
      0,
      0,
      7,
      1,
      1,
      2,
      3,
      1
    ],
    [
      1,
      1,
      0,
      1,
      3,
      3,
      0,
      0,
      5,
      1
    ],
    [
      0,
      0,
      2,
      1,
      5,
      0,
      0,
      1,
      3,
      3
    ]
  ],
  "class_names": [
    "Abrasions",
    "Bruises",
    "Burns",
    "Cut",
    "Diabetic Wounds",
    "Laseration",
    "Normal",
    "Pressure Wounds",
    "Surgical Wounds",
    "Venous Wounds"
  ],
  "y_true": [
    "0",
    "0",
    "0",
    "0",
    "0",
    "0",
    "0",
    "0",
    "4",
    "4",
    "4",
    "4",
    "4",
    "4",
    "4",
    "4",
    "4",
    "4",
    "4",
    "4",
    "4",
    "4",
    "4",
    "8",
    "8",
    "8",
    "8",
    "8",
    "8",
    "8",
    "8",
    "8",
    "8",
    "8",
    "8",
    "8",
    "8",
    "8",
    "1",
    "1",
    "1",
    "1",
    "1",
    "1",
    "1",
    "1",
    "1",
    "1",
    "1",
    "1",
    "3",
    "3",
    "3",
    "3",
    "3",
    "9",
    "9",
    "9",
    "9",
    "9",
    "9",
    "9",
    "9",
    "9",
    "9",
    "9",
    "9",
    "9",
    "9",
    "9",
    "6",
    "6",
    "6",
    "6",
    "6",
    "6",
    "6",
    "6",
    "6",
    "6",
    "7",
    "7",
    "7",
    "7",
    "7",
    "7",
    "7",
    "7",
    "7",
    "7",
    "7",
    "7",
    "7",
    "7",
    "7",
    "5",
    "5",
    "5",
    "5",
    "5",
    "5",
    "5",
    "5",
    "5",
    "5",
    "5",
    "5",
    "2",
    "2",
    "2",
    "2",
    "2",
    "2"
  ],
  "y_pred": [
    "3",
    "0",
    "0",
    "6",
    "0",
    "3",
    "1",
    "5",
    "4",
    "4",
    "6",
    "4",
    "4",
    "4",
    "5",
    "4",
    "4",
    "4",
    "8",
    "9",
    "4",
    "4",
    "4",
    "1",
    "3",
    "8",
    "8",
    "4",
    "8",
    "5",
    "8",
    "4",
    "0",
    "9",
    "5",
    "8",
    "5",
    "4",
    "6",
    "0",
    "6",
    "6",
    "1",
    "6",
    "0",
    "6",
    "6",
    "5",
    "5",
    "6",
    "3",
    "2",
    "6",
    "1",
    "5",
    "3",
    "4",
    "4",
    "9",
    "7",
    "4",
    "8",
    "2",
    "4",
    "8",
    "2",
    "4",
    "9",
    "9",
    "8",
    "6",
    "6",
    "6",
    "6",
    "6",
    "6",
    "6",
    "6",
    "6",
    "6",
    "7",
    "4",
    "5",
    "8",
    "8",
    "4",
    "4",
    "7",
    "6",
    "4",
    "8",
    "4",
    "4",
    "4",
    "9",
    "2",
    "5",
    "5",
    "5",
    "5",
    "5",
    "4",
    "2",
    "6",
    "3",
    "0",
    "0",
    "4",
    "9",
    "5",
    "6",
    "8",
    "1"
  ],
  "classification_report": {
    "Abrasions": {
      "precision": 0.375,
      "recall": 0.375,
      "f1-score": 0.375,
      "support": 8.0
    },
    "Bruises": {
      "precision": 0.2,
      "recall": 0.08333333333333333,
      "f1-score": 0.11764705882352941,
      "support": 12.0
    },
    "Burns": {
      "precision": 0.0,
      "recall": 0.0,
      "f1-score": 0.0,
      "support": 6.0
    },
    "Cut": {
      "precision": 0.16666666666666666,
      "recall": 0.2,
      "f1-score": 0.18181818181818182,
      "support": 5.0
    },
    "Diabetic Wounds": {
      "precision": 0.39285714285714285,
      "recall": 0.7333333333333333,
      "f1-score": 0.5116279069767442,
      "support": 15.0
    },
    "Laseration": {
      "precision": 0.3333333333333333,
      "recall": 0.4166666666666667,
      "f1-score": 0.37037037037037035,
      "support": 12.0
    },
    "Normal": {
      "precision": 0.43478260869565216,
      "recall": 1.0,
      "f1-score": 0.6060606060606061,
      "support": 10.0
    },
    "Pressure Wounds": {
      "precision": 0.6666666666666666,
      "recall": 0.13333333333333333,
      "f1-score": 0.2222222222222222,
      "support": 15.0
    },
    "Surgical Wounds": {
      "precision": 0.38461538461538464,
      "recall": 0.3333333333333333,
      "f1-score": 0.35714285714285715,
      "support": 15.0
    },
    "Venous Wounds": {
      "precision": 0.42857142857142855,
      "recall": 0.2,
      "f1-score": 0.2727272727272727,
      "support": 15.0
    },
    "accuracy": 0.36283185840707965,
    "macro avg": {
      "precision": 0.3382493231406275,
      "recall": 0.34750000000000003,
      "f1-score": 0.3014616476141784,
      "support": 113.0
    },
    "weighted avg": {
      "precision": 0.37762671469866543,
      "recall": 0.36283185840707965,
      "f1-score": 0.32107707969964794,
      "support": 113.0
    }
  }
}