{
  "metrics": {
    "accuracy": 0.7079646017699115,
    "precision": 0.7191896598976246,
    "recall": 0.7079646017699115,
    "f1_score": 0.7009824590061019
  },
  "confusion_matrix": [
    [
      2,
      1,
      0,
      3,
      0,
      1,
      0,
      1,
      0,
      0
    ],
    [
      1,
      10,
      0,
      0,
      0,
      1,
      0,
      0,
      0,
      0
    ],
    [
      0,
      0,
      3,
      2,
      1,
      0,
      0,
      0,
      0,
      0
    ],
    [
      0,
      0,
      1,
      4,
      0,
      0,
      0,
      0,
      0,
      0
    ],
    [
      0,
      0,
      0,
      0,
      8,
      0,
      0,
      3,
      3,
      1
    ],
    [
      0,
      0,
      0,
      0,
      0,
      12,
      0,
      0,
      0,
      0
    ],
    [
      0,
      0,
      0,
      0,
      0,
      0,
      10,
      0,
      0,
      0
    ],
    [
      0,
      0,
      0,
      0,
      3,
      0,
      0,
      8,
      3,
      1
    ],
    [
      0,
      0,
      0,
      0,
      1,
      1,
      0,
      2,
      11,
      0
    ],
    [
      0,
      0,
      1,
      1,
      0,
      0,
      0,
      0,
      1,
      12
    ]
  ],
  "class_names": [
    "Abrasions",
    "Bruises",
    "Burns",
    "Cut",
    "Diabetic Wounds",
    "Laseration",
    "Normal",
    "Pressure Wounds",
    "Surgical Wounds",
    "Venous Wounds"
  ],
  "y_true": [
    "0",
    "0",
    "0",
    "0",
    "0",
    "0",
    "0",
    "0",
    "4",
    "4",
    "4",
    "4",
    "4",
    "4",
    "4",
    "4",
    "4",
    "4",
    "4",
    "4",
    "4",
    "4",
    "4",
    "8",
    "8",
    "8",
    "8",
    "8",
    "8",
    "8",
    "8",
    "8",
    "8",
    "8",
    "8",
    "8",
    "8",
    "8",
    "1",
    "1",
    "1",
    "1",
    "1",
    "1",
    "1",
    "1",
    "1",
    "1",
    "1",
    "1",
    "3",
    "3",
    "3",
    "3",
    "3",
    "9",
    "9",
    "9",
    "9",
    "9",
    "9",
    "9",
    "9",
    "9",
    "9",
    "9",
    "9",
    "9",
    "9",
    "9",
    "6",
    "6",
    "6",
    "6",
    "6",
    "6",
    "6",
    "6",
    "6",
    "6",
    "7",
    "7",
    "7",
    "7",
    "7",
    "7",
    "7",
    "7",
    "7",
    "7",
    "7",
    "7",
    "7",
    "7",
    "7",
    "5",
    "5",
    "5",
    "5",
    "5",
    "5",
    "5",
    "5",
    "5",
    "5",
    "5",
    "5",
    "2",
    "2",
    "2",
    "2",
    "2",
    "2"
  ],
  "y_pred": [
    "0",
    "3",
    "5",
    "3",
    "1",
    "0",
    "7",
    "3",
    "4",
    "4",
    "8",
    "4",
    "4",
    "8",
    "7",
    "8",
    "4",
    "7",
    "7",
    "9",
    "4",
    "4",
    "4",
    "8",
    "8",
    "7",
    "8",
    "4",
    "5",
    "8",
    "7",
    "8",
    "8",
    "8",
    "8",
    "8",
    "8",
    "8",
    "1",
    "1",
    "0",
    "1",
    "1",
    "1",
    "1",
    "1",
    "1",
    "1",
    "5",
    "1",
    "3",
    "3",
    "2",
    "3",
    "3",
    "9",
    "9",
    "8",
    "9",
    "9",
    "9",
    "9",
    "2",
    "9",
    "9",
    "3",
    "9",
    "9",
    "9",
    "9",
    "6",
    "6",
    "6",
    "6",
    "6",
    "6",
    "6",
    "6",
    "6",
    "6",
    "9",
    "8",
    "7",
    "4",
    "7",
    "7",
    "8",
    "7",
    "7",
    "7",
    "7",
    "4",
    "4",
    "7",
    "8",
    "5",
    "5",
    "5",
    "5",
    "5",
    "5",
    "5",
    "5",
    "5",
    "5",
    "5",
    "5",
    "3",
    "4",
    "2",
    "2",
    "2",
    "3"
  ],
  "classification_report": {
    "Abrasions": {
      "precision": 0.6666666666666666,
      "recall": 0.25,
      "f1-score": 0.36363636363636365,
      "support": 8.0
    },
    "Bruises": {
      "precision": 0.9090909090909091,
      "recall": 0.8333333333333334,
      "f1-score": 0.8695652173913043,
      "support": 12.0
    },
    "Burns": {
      "precision": 0.6,
      "recall": 0.5,
      "f1-score": 0.5454545454545454,
      "support": 6.0
    },
    "Cut": {
      "precision": 0.4,
      "recall": 0.8,
      "f1-score": 0.5333333333333333,
      "support": 5.0
    },
    "Diabetic Wounds": {
      "precision": 0.6153846153846154,
      "recall": 0.5333333333333333,
      "f1-score": 0.5714285714285714,
      "support": 15.0
    },
    "Laseration": {
      "precision": 0.8,
      "recall": 1.0,
      "f1-score": 0.8888888888888888,
      "support": 12.0
    },
    "Normal": {
      "precision": 1.0,
      "recall": 1.0,
      "f1-score": 1.0,
      "support": 10.0
    },
    "Pressure Wounds": {
      "precision": 0.5714285714285714,
      "recall": 0.5333333333333333,
      "f1-score": 0.5517241379310345,
      "support": 15.0
    },
    "Surgical Wounds": {
      "precision": 0.6111111111111112,
      "recall": 0.7333333333333333,
      "f1-score": 0.6666666666666666,
      "support": 15.0
    },
    "Venous Wounds": {
      "precision": 0.8571428571428571,
      "recall": 0.8,
      "f1-score": 0.8275862068965517,
      "support": 15.0
    },
    "accuracy": 0.7079646017699115,
    "macro avg": {
      "precision": 0.7030824730824731,
      "recall": 0.6983333333333334,
      "f1-score": 0.681828393162726,
      "support": 113.0
    },
    "weighted avg": {
      "precision": 0.7191896598976246,
      "recall": 0.7079646017699115,
      "f1-score": 0.7009824590061019,
      "support": 113.0
    }
  }
}