{
  "metrics": {
    "accuracy": 0.7610619469026548,
    "precision": 0.773492510439413,
    "recall": 0.7610619469026548,
    "f1_score": 0.7553107512428094
  },
  "confusion_matrix": [
    [
      5,
      1,
      0,
      1,
      0,
      1,
      0,
      0,
      0,
      0
    ],
    [
      3,
      9,
      0,
      0,
      0,
      0,
      0,
      0,
      0,
      0
    ],
    [
      0,
      0,
      4,
      0,
      1,
      0,
      0,
      0,
      1,
      0
    ],
    [
      0,
      0,
      1,
      4,
      0,
      0,
      0,
      0,
      0,
      0
    ],
    [
      0,
      0,
      0,
      0,
      10,
      0,
      0,
      2,
      1,
      2
    ],
    [
      0,
      0,
      0,
      0,
      0,
      12,
      0,
      0,
      0,
      0
    ],
    [
      0,
      0,
      0,
      0,
      0,
      0,
      8,
      0,
      0,
      2
    ],
    [
      0,
      0,
      0,
      0,
      4,
      0,
      0,
      7,
      2,
      2
    ],
    [
      0,
      0,
      0,
      0,
      1,
      1,
      0,
      0,
      12,
      1
    ],
    [
      0,
      0,
      0,
      0,
      0,
      0,
      0,
      0,
      0,
      15
    ]
  ],
  "class_names": [
    "Abrasions",
    "Bruises",
    "Burns",
    "Cut",
    "Diabetic Wounds",
    "Laseration",
    "Normal",
    "Pressure Wounds",
    "Surgical Wounds",
    "Venous Wounds"
  ],
  "y_true": [
    "0",
    "0",
    "0",
    "0",
    "0",
    "0",
    "0",
    "0",
    "4",
    "4",
    "4",
    "4",
    "4",
    "4",
    "4",
    "4",
    "4",
    "4",
    "4",
    "4",
    "4",
    "4",
    "4",
    "8",
    "8",
    "8",
    "8",
    "8",
    "8",
    "8",
    "8",
    "8",
    "8",
    "8",
    "8",
    "8",
    "8",
    "8",
    "1",
    "1",
    "1",
    "1",
    "1",
    "1",
    "1",
    "1",
    "1",
    "1",
    "1",
    "1",
    "3",
    "3",
    "3",
    "3",
    "3",
    "9",
    "9",
    "9",
    "9",
    "9",
    "9",
    "9",
    "9",
    "9",
    "9",
    "9",
    "9",
    "9",
    "9",
    "9",
    "6",
    "6",
    "6",
    "6",
    "6",
    "6",
    "6",
    "6",
    "6",
    "6",
    "7",
    "7",
    "7",
    "7",
    "7",
    "7",
    "7",
    "7",
    "7",
    "7",
    "7",
    "7",
    "7",
    "7",
    "7",
    "5",
    "5",
    "5",
    "5",
    "5",
    "5",
    "5",
    "5",
    "5",
    "5",
    "5",
    "5",
    "2",
    "2",
    "2",
    "2",
    "2",
    "2"
  ],
  "y_pred": [
    "0",
    "0",
    "5",
    "3",
    "1",
    "0",
    "0",
    "0",
    "4",
    "4",
    "7",
    "4",
    "4",
    "4",
    "7",
    "8",
    "4",
    "4",
    "9",
    "9",
    "4",
    "4",
    "4",
    "8",
    "8",
    "9",
    "8",
    "4",
    "5",
    "8",
    "8",
    "8",
    "8",
    "8",
    "8",
    "8",
    "8",
    "8",
    "1",
    "0",
    "0",
    "1",
    "1",
    "1",
    "1",
    "1",
    "1",
    "1",
    "1",
    "0",
    "3",
    "3",
    "2",
    "3",
    "3",
    "9",
    "9",
    "9",
    "9",
    "9",
    "9",
    "9",
    "9",
    "9",
    "9",
    "9",
    "9",
    "9",
    "9",
    "9",
    "9",
    "6",
    "6",
    "6",
    "6",
    "6",
    "6",
    "9",
    "6",
    "6",
    "9",
    "8",
    "7",
    "4",
    "8",
    "7",
    "9",
    "7",
    "7",
    "7",
    "4",
    "7",
    "4",
    "7",
    "4",
    "5",
    "5",
    "5",
    "5",
    "5",
    "5",
    "5",
    "5",
    "5",
    "5",
    "5",
    "5",
    "8",
    "4",
    "2",
    "2",
    "2",
    "2"
  ],
  "classification_report": {
    "Abrasions": {
      "precision": 0.625,
      "recall": 0.625,
      "f1-score": 0.625,
      "support": 8.0
    },
    "Bruises": {
      "precision": 0.9,
      "recall": 0.75,
      "f1-score": 0.8181818181818182,
      "support": 12.0
    },
    "Burns": {
      "precision": 0.8,
      "recall": 0.6666666666666666,
      "f1-score": 0.7272727272727273,
      "support": 6.0
    },
    "Cut": {
      "precision": 0.8,
      "recall": 0.8,
      "f1-score": 0.8,
      "support": 5.0
    },
    "Diabetic Wounds": {
      "precision": 0.625,
      "recall": 0.6666666666666666,
      "f1-score": 0.6451612903225806,
      "support": 15.0
    },
    "Laseration": {
      "precision": 0.8571428571428571,
      "recall": 1.0,
      "f1-score": 0.9230769230769231,
      "support": 12.0
    },
    "Normal": {
      "precision": 1.0,
      "recall": 0.8,
      "f1-score": 0.8888888888888888,
      "support": 10.0
    },
    "Pressure Wounds": {
      "precision": 0.7777777777777778,
      "recall": 0.4666666666666667,
      "f1-score": 0.5833333333333334,
      "support": 15.0
    },
    "Surgical Wounds": {
      "precision": 0.75,
      "recall": 0.8,
      "f1-score": 0.7741935483870968,
      "support": 15.0
    },
    "Venous Wounds": {
      "precision": 0.6818181818181818,
      "recall": 1.0,
      "f1-score": 0.8108108108108109,
      "support": 15.0
    },
    "accuracy": 0.7610619469026548,
    "macro avg": {
      "precision": 0.7816738816738816,
      "recall": 0.7575000000000001,
      "f1-score": 0.759591934027418,
      "support": 113.0
    },
    "weighted avg": {
      "precision": 0.773492510439413,
      "recall": 0.7610619469026548,
      "f1-score": 0.7553107512428094,
      "support": 113.0
    }
  }
}