{
  "metrics": {
    "accuracy": 0.7522123893805309,
    "precision": 0.7565237762547962,
    "recall": 0.7522123893805309,
    "f1_score": 0.7376391083667199
  },
  "confusion_matrix": [
    [
      6,
      1,
      0,
      0,
      0,
      1,
      0,
      0,
      0,
      0
    ],
    [
      1,
      11,
      0,
      0,
      0,
      0,
      0,
      0,
      0,
      0
    ],
    [
      0,
      2,
      2,
      0,
      1,
      0,
      0,
      0,
      1,
      0
    ],
    [
      0,
      1,
      0,
      4,
      0,
      0,
      0,
      0,
      0,
      0
    ],
    [
      0,
      0,
      0,
      0,
      11,
      0,
      0,
      1,
      1,
      2
    ],
    [
      0,
      0,
      0,
      0,
      0,
      12,
      0,
      0,
      0,
      0
    ],
    [
      0,
      0,
      0,
      0,
      0,
      0,
      10,
      0,
      0,
      0
    ],
    [
      0,
      0,
      0,
      0,
      6,
      0,
      0,
      5,
      2,
      2
    ],
    [
      0,
      0,
      0,
      0,
      1,
      1,
      0,
      1,
      11,
      1
    ],
    [
      0,
      0,
      1,
      0,
      0,
      0,
      0,
      0,
      1,
      13
    ]
  ],
  "class_names": [
    "Abrasions",
    "Bruises",
    "Burns",
    "Cut",
    "Diabetic Wounds",
    "Laseration",
    "Normal",
    "Pressure Wounds",
    "Surgical Wounds",
    "Venous Wounds"
  ],
  "y_true": [
    "0",
    "0",
    "0",
    "0",
    "0",
    "0",
    "0",
    "0",
    "4",
    "4",
    "4",
    "4",
    "4",
    "4",
    "4",
    "4",
    "4",
    "4",
    "4",
    "4",
    "4",
    "4",
    "4",
    "8",
    "8",
    "8",
    "8",
    "8",
    "8",
    "8",
    "8",
    "8",
    "8",
    "8",
    "8",
    "8",
    "8",
    "8",
    "1",
    "1",
    "1",
    "1",
    "1",
    "1",
    "1",
    "1",
    "1",
    "1",
    "1",
    "1",
    "3",
    "3",
    "3",
    "3",
    "3",
    "9",
    "9",
    "9",
    "9",
    "9",
    "9",
    "9",
    "9",
    "9",
    "9",
    "9",
    "9",
    "9",
    "9",
    "9",
    "6",
    "6",
    "6",
    "6",
    "6",
    "6",
    "6",
    "6",
    "6",
    "6",
    "7",
    "7",
    "7",
    "7",
    "7",
    "7",
    "7",
    "7",
    "7",
    "7",
    "7",
    "7",
    "7",
    "7",
    "7",
    "5",
    "5",
    "5",
    "5",
    "5",
    "5",
    "5",
    "5",
    "5",
    "5",
    "5",
    "5",
    "2",
    "2",
    "2",
    "2",
    "2",
    "2"
  ],
  "y_pred": [
    "0",
    "0",
    "5",
    "0",
    "1",
    "0",
    "0",
    "0",
    "4",
    "4",
    "7",
    "4",
    "4",
    "8",
    "4",
    "4",
    "4",
    "4",
    "9",
    "9",
    "4",
    "4",
    "4",
    "8",
    "8",
    "9",
    "8",
    "4",
    "5",
    "8",
    "7",
    "8",
    "8",
    "8",
    "8",
    "8",
    "8",
    "8",
    "1",
    "1",
    "0",
    "1",
    "1",
    "1",
    "1",
    "1",
    "1",
    "1",
    "1",
    "1",
    "1",
    "3",
    "3",
    "3",
    "3",
    "9",
    "9",
    "8",
    "9",
    "9",
    "9",
    "9",
    "2",
    "9",
    "9",
    "9",
    "9",
    "9",
    "9",
    "9",
    "6",
    "6",
    "6",
    "6",
    "6",
    "6",
    "6",
    "6",
    "6",
    "6",
    "9",
    "8",
    "7",
    "4",
    "8",
    "7",
    "9",
    "7",
    "4",
    "7",
    "4",
    "4",
    "4",
    "7",
    "4",
    "5",
    "5",
    "5",
    "5",
    "5",
    "5",
    "5",
    "5",
    "5",
    "5",
    "5",
    "5",
    "8",
    "4",
    "2",
    "1",
    "2",
    "1"
  ],
  "classification_report": {
    "Abrasions": {
      "precision": 0.8571428571428571,
      "recall": 0.75,
      "f1-score": 0.8,
      "support": 8.0
    },
    "Bruises": {
      "precision": 0.7333333333333333,
      "recall": 0.9166666666666666,
      "f1-score": 0.8148148148148148,
      "support": 12.0
    },
    "Burns": {
      "precision": 0.6666666666666666,
      "recall": 0.3333333333333333,
      "f1-score": 0.4444444444444444,
      "support": 6.0
    },
    "Cut": {
      "precision": 1.0,
      "recall": 0.8,
      "f1-score": 0.8888888888888888,
      "support": 5.0
    },
    "Diabetic Wounds": {
      "precision": 0.5789473684210527,
      "recall": 0.7333333333333333,
      "f1-score": 0.6470588235294118,
      "support": 15.0
    },
    "Laseration": {
      "precision": 0.8571428571428571,
      "recall": 1.0,
      "f1-score": 0.9230769230769231,
      "support": 12.0
    },
    "Normal": {
      "precision": 1.0,
      "recall": 1.0,
      "f1-score": 1.0,
      "support": 10.0
    },
    "Pressure Wounds": {
      "precision": 0.7142857142857143,
      "recall": 0.3333333333333333,
      "f1-score": 0.45454545454545453,
      "support": 15.0
    },
    "Surgical Wounds": {
      "precision": 0.6875,
      "recall": 0.7333333333333333,
      "f1-score": 0.7096774193548387,
      "support": 15.0
    },
    "Venous Wounds": {
      "precision": 0.7222222222222222,
      "recall": 0.8666666666666667,
      "f1-score": 0.7878787878787878,
      "support": 15.0
    },
    "accuracy": 0.7522123893805309,
    "macro avg": {
      "precision": 0.7817241019214703,
      "recall": 0.7466666666666667,
      "f1-score": 0.7470385556533564,
      "support": 113.0
    },
    "weighted avg": {
      "precision": 0.7565237762547962,
      "recall": 0.7522123893805309,
      "f1-score": 0.7376391083667199,
      "support": 113.0
    }
  }
}