{
  "metrics": {
    "accuracy": 0.6548672566371682,
    "precision": 0.6458071687119059,
    "recall": 0.6548672566371682,
    "f1_score": 0.6364438069305326
  },
  "confusion_matrix": [
    [
      3,
      2,
      0,
      1,
      1,
      0,
      0,
      0,
      0,
      1
    ],
    [
      0,
      11,
      0,
      0,
      0,
      0,
      1,
      0,
      0,
      0
    ],
    [
      0,
      2,
      2,
      0,
      0,
      1,
      0,
      0,
      0,
      1
    ],
    [
      1,
      1,
      1,
      1,
      0,
      1,
      0,
      0,
      0,
      0
    ],
    [
      1,
      0,
      0,
      0,
      10,
      0,
      1,
      1,
      0,
      2
    ],
    [
      0,
      1,
      0,
      0,
      0,
      11,
      0,
      0,
      0,
      0
    ],
    [
      0,
      0,
      0,
      0,
      0,
      0,
      10,
      0,
      0,
      0
    ],
    [
      0,
      0,
      0,
      0,
      4,
      0,
      0,
      6,
      3,
      2
    ],
    [
      0,
      1,
      0,
      0,
      2,
      0,
      0,
      4,
      8,
      0
    ],
    [
      1,
      0,
      0,
      0,
      0,
      0,
      0,
      2,
      0,
      12
    ]
  ],
  "class_names": [
    "Abrasions",
    "Bruises",
    "Burns",
    "Cut",
    "Diabetic Wounds",
    "Laseration",
    "Normal",
    "Pressure Wounds",
    "Surgical Wounds",
    "Venous Wounds"
  ],
  "y_true": [
    "0",
    "0",
    "0",
    "0",
    "0",
    "0",
    "0",
    "0",
    "4",
    "4",
    "4",
    "4",
    "4",
    "4",
    "4",
    "4",
    "4",
    "4",
    "4",
    "4",
    "4",
    "4",
    "4",
    "8",
    "8",
    "8",
    "8",
    "8",
    "8",
    "8",
    "8",
    "8",
    "8",
    "8",
    "8",
    "8",
    "8",
    "8",
    "1",
    "1",
    "1",
    "1",
    "1",
    "1",
    "1",
    "1",
    "1",
    "1",
    "1",
    "1",
    "3",
    "3",
    "3",
    "3",
    "3",
    "9",
    "9",
    "9",
    "9",
    "9",
    "9",
    "9",
    "9",
    "9",
    "9",
    "9",
    "9",
    "9",
    "9",
    "9",
    "6",
    "6",
    "6",
    "6",
    "6",
    "6",
    "6",
    "6",
    "6",
    "6",
    "7",
    "7",
    "7",
    "7",
    "7",
    "7",
    "7",
    "7",
    "7",
    "7",
    "7",
    "7",
    "7",
    "7",
    "7",
    "5",
    "5",
    "5",
    "5",
    "5",
    "5",
    "5",
    "5",
    "5",
    "5",
    "5",
    "5",
    "2",
    "2",
    "2",
    "2",
    "2",
    "2"
  ],
  "y_pred": [
    "1",
    "0",
    "0",
    "3",
    "1",
    "9",
    "4",
    "0",
    "4",
    "4",
    "6",
    "4",
    "7",
    "0",
    "4",
    "4",
    "4",
    "4",
    "9",
    "9",
    "4",
    "4",
    "4",
    "8",
    "8",
    "8",
    "8",
    "4",
    "1",
    "8",
    "7",
    "8",
    "8",
    "4",
    "7",
    "7",
    "7",
    "8",
    "1",
    "1",
    "6",
    "1",
    "1",
    "1",
    "1",
    "1",
    "1",
    "1",
    "1",
    "1",
    "1",
    "2",
    "3",
    "0",
    "5",
    "9",
    "9",
    "9",
    "9",
    "9",
    "9",
    "7",
    "9",
    "7",
    "9",
    "0",
    "9",
    "9",
    "9",
    "9",
    "6",
    "6",
    "6",
    "6",
    "6",
    "6",
    "6",
    "6",
    "6",
    "6",
    "9",
    "8",
    "7",
    "4",
    "7",
    "8",
    "9",
    "7",
    "7",
    "7",
    "7",
    "4",
    "4",
    "4",
    "8",
    "5",
    "5",
    "5",
    "5",
    "5",
    "5",
    "5",
    "5",
    "1",
    "5",
    "5",
    "5",
    "2",
    "9",
    "2",
    "1",
    "1",
    "5"
  ],
  "classification_report": {
    "Abrasions": {
      "precision": 0.5,
      "recall": 0.375,
      "f1-score": 0.42857142857142855,
      "support": 8.0
    },
    "Bruises": {
      "precision": 0.6111111111111112,
      "recall": 0.9166666666666666,
      "f1-score": 0.7333333333333333,
      "support": 12.0
    },
    "Burns": {
      "precision": 0.6666666666666666,
      "recall": 0.3333333333333333,
      "f1-score": 0.4444444444444444,
      "support": 6.0
    },
    "Cut": {
      "precision": 0.5,
      "recall": 0.2,
      "f1-score": 0.2857142857142857,
      "support": 5.0
    },
    "Diabetic Wounds": {
      "precision": 0.5882352941176471,
      "recall": 0.6666666666666666,
      "f1-score": 0.625,
      "support": 15.0
    },
    "Laseration": {
      "precision": 0.8461538461538461,
      "recall": 0.9166666666666666,
      "f1-score": 0.88,
      "support": 12.0
    },
    "Normal": {
      "precision": 0.8333333333333334,
      "recall": 1.0,
      "f1-score": 0.9090909090909091,
      "support": 10.0
    },
    "Pressure Wounds": {
      "precision": 0.46153846153846156,
      "recall": 0.4,
      "f1-score": 0.42857142857142855,
      "support": 15.0
    },
    "Surgical Wounds": {
      "precision": 0.7272727272727273,
      "recall": 0.5333333333333333,
      "f1-score": 0.6153846153846154,
      "support": 15.0
    },
    "Venous Wounds": {
      "precision": 0.6666666666666666,
      "recall": 0.8,
      "f1-score": 0.7272727272727273,
      "support": 15.0
    },
    "accuracy": 0.6548672566371682,
    "macro avg": {
      "precision": 0.640097810686046,
      "recall": 0.6141666666666666,
      "f1-score": 0.6077383172383173,
      "support": 113.0
    },
    "weighted avg": {
      "precision": 0.6458071687119059,
      "recall": 0.6548672566371682,
      "f1-score": 0.6364438069305326,
      "support": 113.0
    }
  }
}